{
    "$schema": "https://schema.management.azure.com/schemas/2015-01-01/deploymentTemplate.json#",
    "contentVersion": "1.0.0.0",
    "parameters": {
    },
    "variables": {},
    "resources": [
        {
            "type": "Microsoft.ContainerInstance/containerGroups",
            "apiVersion": "2018-10-01",
            "name": "meo-container-group",
            "location": "westeurope",
            "properties": {
                "containers": [
                    {
                        "name": "meo-container",
                        "properties": {
                            "image": "meomeo.azurecr.io/samples/ml-model-server-marketplace:1.1.0.0",
                            "ports": [
                                {
                                    "protocol": "TCP",
                                    "port": 80
                                }
                            ],
                            "environmentVariables": [],
                            "resources": {
                                "requests": {
                                    "memoryInGB": 1.5,
                                    "cpu": 1
                                }
                            }
                        }
                    }
                ],
                "imageRegistryCredentials": [
                    {
                        "server": "meomeo.azurecr.io",
                        "username": "meomeo"
                    }
                ],
                "restartPolicy": "OnFailure",
                "ipAddress": {
                    "ports": [
                        {
                            "protocol": "TCP",
                            "port": 80
                        }
                    ],
                    "type": "Public"
                },
                "osType": "Linux"
            }
        }
    ]
}